Name	gRNA_Name	Position1	Position2	Type
ENST00000005284	1_ENST00000005284	CAATATAGATGTGCACGGCAACCACTCCTA	AAAGGAAAACATCTGGCACAGATACACAGA	control_ns
ENST00000005284	2_ENST00000005284	TCATTAAACTAAAAGCGGCAAAGGCTCCTA	AACTGTAGAAAAGCGTGGTCCCGGTCGGAG	control_ns
ENST00000005284	3_ENST00000005284	ACACATAAAGGTGAATGCCTCCCTCAGGGC	CCGAAGAACAGCAGCGTGACACTGAGGATG	control_ns
ENST00000066544	1_ENST00000066544	TATTAAAATACAGATGGCACAGCTTTCATA	CAATGAAAGAGTAAAGCAAGCTGAATCACC	control_es
ENST00000066544	2_ENST00000066544	AAAAACAAATCCAAGGCCACAACATAACTT	TTAGCAGCTAAATATTGCACTGCCTTTCAT	control_es
ENST00000066544	3_ENST00000066544	AATGACACTGTTATACAGCACCTTGTGCTT	GCAAATAAAACTGAGGCTCTGTGAAATTTG	control_es
ENST00000156109	1_ENST00000156109	GTACTCACTAACAGTCACCACCCGGCTCCC	ATTCTGGATCAAAGGGATGACGAGTTCCTT	control_es
ENST00000156109	2_ENST00000156109	CATGTTGTCCACAAACCGCACACGCAGGTC	AAGCCGAATGAAATTGGGGCAGTGGAAGCA	control_es
ENST00000156109	3_ENST00000156109	GGCCAGAAAGAACCACCACAGCTCCTCCAG	CAATGAGCTCCTTCACAGCCTGGGACACCA	control_es
